ID_Venta,Fecha_Venta,ID_Producto,Nombre_Producto,Cantidad_Vendida,Precio_Unitario,Total_Venta,Categoria_Producto,Ubicacion_Tienda
1,2023-06-22,69,Producto 69,7,91.14,637.98,Electrónica,Tienda B
2,2023-02-17,87,Producto 87,8,14.72,117.76,Electrónica,Tienda B
3,2023-04-28,58,Producto 58,5,91.91,459.54999999999995,Alimentos,Tienda A
4,2023-07-12,94,Producto 94,8,58.1,464.8,Alimentos,Tienda C
5,2023-11-20,12,Producto 12,3,11.41,34.230000000000004,Alimentos,Tienda C
6,2023-09-09,79,Producto 79,1,41.02,41.02,Alimentos,Tienda A
7,2023-07-15,83,Producto 83,2,75.19,150.38,Alimentos,Tienda A
8,2023-12-26,90,Producto 90,7,53.96,377.72,Alimentos,Tienda A
9,2023-01-10,4,Producto 4,6,98.21,589.26,Ropa,Tienda A
10,2023-07-31,38,Producto 38,5,48.03,240.15,Alimentos,Tienda B
11,2023-10-05,8,Producto 8,9,39.4,354.59999999999997,Alimentos,Tienda B
12,2023-08-31,30,Producto 30,8,83.95,671.6,Electrónica,Tienda A
13,2023-10-20,79,Producto 79,9,59.31,533.79,Electrónica,Tienda B
14,2023-03-29,12,Producto 12,7,71.41,499.87,Alimentos,Tienda B
15,2023-03-12,74,Producto 74,2,82.51,165.02,Alimentos,Tienda A
16,2023-03-30,12,Producto 12,5,70.43,352.15000000000003,Electrónica,Tienda B
17,2023-11-11,17,Producto 17,9,48.02,432.18,Electrónica,Tienda A
18,2023-07-13,61,Producto 61,6,21.23,127.38,Electrónica,Tienda C
19,2023-02-09,64,Producto 64,2,62.22,124.44,Electrónica,Tienda C
20,2023-03-29,60,Producto 60,7,90.77,635.39,Electrónica,Tienda A
21,2023-06-24,2,Producto 2,3,47.7,143.10000000000002,Electrónica,Tienda B
22,2023-03-30,19,Producto 19,8,91.97,735.76,Electrónica,Tienda A
23,2023-12-04,54,Producto 54,6,55.32,331.92,Ropa,Tienda C
24,2023-06-15,29,Producto 29,8,65.88,527.04,Alimentos,Tienda C
25,2023-01-26,65,Producto 65,7,84.97,594.79,Alimentos,Tienda A
26,2023-11-30,86,Producto 86,7,60.81,425.67,Electrónica,Tienda A
27,2023-03-14,89,Producto 89,4,18.19,72.76,Alimentos,Tienda A
28,2023-09-23,74,Producto 74,4,98.29,393.16,Electrónica,Tienda B
29,2023-04-26,9,Producto 9,5,32.13,160.65,Ropa,Tienda A
30,2023-09-01,83,Producto 83,5,73.95,369.75,Ropa,Tienda A
31,2023-07-17,12,Producto 12,2,55.46,110.92,Alimentos,Tienda B
32,2023-12-02,93,Producto 93,4,53.09,212.36,Ropa,Tienda B
33,2023-12-05,52,Producto 52,6,31.95,191.7,Electrónica,Tienda C
34,2023-04-10,82,Producto 82,2,74.99,149.98,Ropa,Tienda C
35,2023-06-27,56,Producto 56,8,20.15,161.2,Electrónica,Tienda A
36,2023-09-01,16,Producto 16,6,99.14,594.84,Alimentos,Tienda C
37,2023-10-13,4,Producto 4,5,86.08,430.4,Electrónica,Tienda C
38,2023-05-28,89,Producto 89,3,58.11,174.32999999999998,Alimentos,Tienda B
39,2023-05-28,86,Producto 86,1,48.21,48.21,Alimentos,Tienda B
40,2023-10-16,29,Producto 29,9,35.78,322.02,Electrónica,Tienda B
41,2023-09-23,59,Producto 59,8,55.14,441.12,Alimentos,Tienda C
42,2023-07-05,86,Producto 86,2,89.15,178.3,Alimentos,Tienda B
43,2023-05-08,79,Producto 79,2,34.75,69.5,Ropa,Tienda C
44,2023-02-02,66,Producto 66,2,55.05,110.1,Ropa,Tienda B
45,2023-02-01,77,Producto 77,8,31.11,248.88,Electrónica,Tienda C
46,2023-07-22,12,Producto 12,5,40.34,201.70000000000002,Electrónica,Tienda B
47,2023-09-02,26,Producto 26,9,27.12,244.08,Alimentos,Tienda C
48,2023-06-01,12,Producto 12,7,99.15,694.0500000000001,Ropa,Tienda C
49,2023-06-13,91,Producto 91,2,61.43,122.86,Alimentos,Tienda B
50,2023-07-03,35,Producto 35,3,75.95,227.85000000000002,Electrónica,Tienda B
51,2023-01-29,2,Producto 2,9,18.84,169.56,Electrónica,Tienda B
52,2023-10-18,17,Producto 17,5,42.95,214.75,Ropa,Tienda A
53,2023-05-09,2,Producto 2,8,90.34,722.72,Alimentos,Tienda A
54,2023-05-09,17,Producto 17,9,17.6,158.4,Ropa,Tienda B
55,2023-02-23,34,Producto 34,9,24.89,224.01,Electrónica,Tienda B
56,2023-02-08,34,Producto 34,4,66.29,265.16,Electrónica,Tienda A
57,2023-09-02,45,Producto 45,3,66.05,198.14999999999998,Ropa,Tienda B
58,2023-10-01,41,Producto 41,6,85.44,512.64,Ropa,Tienda B
59,2023-12-02,73,Producto 73,7,94.19,659.3299999999999,Alimentos,Tienda A
60,2023-04-16,78,Producto 78,5,22.78,113.9,Ropa,Tienda C
61,2023-02-12,84,Producto 84,6,33.34,200.04000000000002,Alimentos,Tienda A
62,2023-02-01,33,Producto 33,8,48.47,387.76,Electrónica,Tienda B
63,2023-09-15,24,Producto 24,1,10.08,10.08,Ropa,Tienda B
64,2023-11-18,69,Producto 69,4,16.28,65.12,Ropa,Tienda C
65,2023-02-27,32,Producto 32,6,30.38,182.28,Alimentos,Tienda B
66,2023-10-19,23,Producto 23,6,53.3,319.79999999999995,Alimentos,Tienda B
67,2023-12-25,65,Producto 65,8,32.64,261.12,Alimentos,Tienda A
68,2023-04-30,32,Producto 32,9,88.9,800.1,Electrónica,Tienda A
69,2023-09-25,80,Producto 80,1,39.18,39.18,Ropa,Tienda B
70,2023-03-24,84,Producto 84,3,93.22,279.65999999999997,Ropa,Tienda B
71,2023-04-02,16,Producto 16,7,97.73,684.11,Alimentos,Tienda B
72,2023-04-10,52,Producto 52,6,50.49,302.94,Electrónica,Tienda B
73,2023-02-23,13,Producto 13,2,30.44,60.88,Ropa,Tienda C
74,2023-05-02,46,Producto 46,6,36.25,217.5,Electrónica,Tienda A
75,2023-03-26,11,Producto 11,2,79.87,159.74,Alimentos,Tienda A
76,2023-07-23,81,Producto 81,3,34.6,103.80000000000001,Alimentos,Tienda B
77,2023-11-21,71,Producto 71,4,44.25,177.0,Electrónica,Tienda B
78,2023-09-20,22,Producto 22,1,53.07,53.07,Electrónica,Tienda B
79,2023-02-17,95,Producto 95,4,61.76,247.04,Electrónica,Tienda A
80,2023-05-08,68,Producto 68,1,99.65,99.65,Electrónica,Tienda B
81,2023-05-12,81,Producto 81,2,30.9,61.8,Electrónica,Tienda B
82,2023-12-23,65,Producto 65,3,41.81,125.43,Electrónica,Tienda C
83,2023-06-30,2,Producto 2,3,33.66,100.97999999999999,Alimentos,Tienda A
84,2023-12-01,51,Producto 51,4,42.5,170.0,Electrónica,Tienda C
85,2023-05-24,97,Producto 97,5,19.07,95.35,Electrónica,Tienda B
86,2023-05-29,83,Producto 83,6,42.38,254.28000000000003,Ropa,Tienda C
87,2023-08-16,83,Producto 83,9,89.91,809.1899999999999,Alimentos,Tienda C
88,2023-10-07,58,Producto 58,6,36.87,221.21999999999997,Alimentos,Tienda A
89,2023-07-27,23,Producto 23,2,43.47,86.94,Alimentos,Tienda C
90,2023-12-08,16,Producto 16,7,95.0,665.0,Electrónica,Tienda B
91,2023-02-18,16,Producto 16,2,75.55,151.1,Electrónica,Tienda B
92,2023-11-02,29,Producto 29,7,56.51,395.57,Electrónica,Tienda B
93,2023-03-11,72,Producto 72,2,79.95,159.9,Electrónica,Tienda B
94,2023-06-19,28,Producto 28,6,21.09,126.53999999999999,Ropa,Tienda A
95,2023-06-13,89,Producto 89,7,51.8,362.59999999999997,Electrónica,Tienda B
96,2023-04-06,58,Producto 58,3,20.64,61.92,Electrónica,Tienda A
97,2023-07-17,59,Producto 59,3,31.03,93.09,Ropa,Tienda A
98,2023-04-05,89,Producto 89,3,22.77,68.31,Electrónica,Tienda A
99,2023-09-14,77,Producto 77,9,42.56,383.04,Electrónica,Tienda B
100,2023-06-28,14,Producto 14,7,44.35,310.45,Ropa,Tienda A
101,2023-10-20,19,Producto 19,4,95.26,381.04,Electrónica,Tienda C
102,2023-11-01,79,Producto 79,5,33.77,168.85000000000002,Electrónica,Tienda C
103,2023-12-16,79,Producto 79,2,52.52,105.04,Electrónica,Tienda B
104,2023-04-09,21,Producto 21,7,83.02,581.14,Alimentos,Tienda C
105,2023-02-12,72,Producto 72,7,83.41,583.87,Electrónica,Tienda C
106,2023-07-21,56,Producto 56,9,77.53,697.77,Electrónica,Tienda C
107,2023-01-01,45,Producto 45,9,35.91,323.18999999999994,Electrónica,Tienda C
108,2023-02-13,92,Producto 92,9,54.55,490.95,Alimentos,Tienda A
109,2023-01-24,45,Producto 45,6,26.76,160.56,Ropa,Tienda C
110,2023-07-07,16,Producto 16,3,26.96,80.88,Ropa,Tienda B
111,2023-05-11,88,Producto 88,3,49.23,147.69,Electrónica,Tienda B
112,2023-04-09,76,Producto 76,6,76.47,458.82,Ropa,Tienda C
113,2023-03-04,78,Producto 78,6,57.39,344.34000000000003,Electrónica,Tienda C
114,2023-08-11,30,Producto 30,5,89.8,449.0,Alimentos,Tienda C
115,2023-05-04,96,Producto 96,2,84.78,169.56,Ropa,Tienda C
116,2023-03-24,83,Producto 83,2,12.84,25.68,Alimentos,Tienda C
117,2023-08-16,5,Producto 5,9,61.16,550.4399999999999,Ropa,Tienda A
118,2023-05-29,29,Producto 29,9,64.82,583.3799999999999,Alimentos,Tienda B
119,2023-07-29,66,Producto 66,4,96.54,386.16,Alimentos,Tienda B
120,2023-02-20,50,Producto 50,1,12.09,12.09,Electrónica,Tienda A
121,2023-09-28,50,Producto 50,3,57.8,173.39999999999998,Electrónica,Tienda A
122,2023-02-11,88,Producto 88,4,28.43,113.72,Ropa,Tienda A
123,2023-02-28,58,Producto 58,7,14.83,103.81,Alimentos,Tienda B
124,2023-07-13,81,Producto 81,5,62.87,314.34999999999997,Ropa,Tienda B
125,2023-02-06,42,Producto 42,8,79.53,636.24,Electrónica,Tienda C
126,2023-09-24,91,Producto 91,6,79.74,478.43999999999994,Alimentos,Tienda A
127,2023-03-28,67,Producto 67,6,12.73,76.38,Electrónica,Tienda B
128,2023-02-13,48,Producto 48,4,46.63,186.52,Ropa,Tienda B
129,2023-12-27,18,Producto 18,9,14.01,126.09,Alimentos,Tienda C
130,2023-01-12,21,Producto 21,8,32.31,258.48,Electrónica,Tienda C
131,2023-09-16,39,Producto 39,2,27.36,54.72,Alimentos,Tienda B
132,2023-11-04,65,Producto 65,8,29.37,234.96,Alimentos,Tienda A
133,2023-03-22,7,Producto 7,6,40.52,243.12,Ropa,Tienda C
134,2023-02-02,23,Producto 23,5,34.97,174.85,Electrónica,Tienda B
135,2023-07-02,80,Producto 80,1,96.61,96.61,Alimentos,Tienda C
136,2023-05-09,75,Producto 75,6,41.72,250.32,Ropa,Tienda A
137,2023-10-22,35,Producto 35,8,90.48,723.84,Electrónica,Tienda B
138,2023-10-03,41,Producto 41,9,26.29,236.60999999999999,Ropa,Tienda A
139,2023-06-24,39,Producto 39,2,78.74,157.48,Electrónica,Tienda C
140,2023-02-12,22,Producto 22,7,15.52,108.64,Alimentos,Tienda A
141,2023-07-04,35,Producto 35,7,51.65,361.55,Ropa,Tienda A
142,2023-03-19,33,Producto 33,1,10.5,10.5,Electrónica,Tienda C
143,2023-10-14,43,Producto 43,3,82.93,248.79000000000002,Ropa,Tienda A
144,2023-10-08,45,Producto 45,9,95.54,859.86,Alimentos,Tienda B
145,2023-05-06,42,Producto 42,7,13.16,92.12,Alimentos,Tienda C
146,2023-09-16,28,Producto 28,7,94.05,658.35,Electrónica,Tienda A
147,2023-01-04,49,Producto 49,4,79.65,318.6,Electrónica,Tienda A
148,2023-04-05,11,Producto 11,5,42.3,211.5,Electrónica,Tienda C
149,2023-08-15,69,Producto 69,5,91.8,459.0,Alimentos,Tienda A
150,2023-12-30,18,Producto 18,5,36.66,183.29999999999998,Ropa,Tienda B
151,2023-09-27,4,Producto 4,2,46.84,93.68,Electrónica,Tienda C
152,2023-10-24,95,Producto 95,5,18.7,93.5,Ropa,Tienda B
153,2023-11-25,88,Producto 88,4,69.12,276.48,Alimentos,Tienda B
154,2023-01-20,30,Producto 30,9,12.66,113.94,Ropa,Tienda B
155,2023-04-06,31,Producto 31,3,53.64,160.92000000000002,Electrónica,Tienda C
156,2023-11-25,76,Producto 76,2,71.49,142.98,Electrónica,Tienda C
157,2023-09-06,67,Producto 67,8,83.91,671.28,Electrónica,Tienda B
158,2023-06-30,94,Producto 94,9,23.49,211.41,Alimentos,Tienda C
159,2023-11-20,61,Producto 61,4,77.87,311.48,Alimentos,Tienda B
160,2023-11-14,8,Producto 8,4,74.72,298.88,Alimentos,Tienda B
161,2023-09-28,52,Producto 52,1,60.36,60.36,Ropa,Tienda A
162,2023-12-19,74,Producto 74,8,62.62,500.96,Electrónica,Tienda B
163,2023-09-18,88,Producto 88,8,18.21,145.68,Alimentos,Tienda C
164,2023-08-26,65,Producto 65,6,64.04,384.24,Alimentos,Tienda B
165,2023-05-20,18,Producto 18,4,44.34,177.36,Electrónica,Tienda B
166,2023-03-28,41,Producto 41,8,88.08,704.64,Electrónica,Tienda A
167,2023-04-20,22,Producto 22,9,38.18,343.62,Electrónica,Tienda B
168,2023-11-28,95,Producto 95,6,61.89,371.34000000000003,Ropa,Tienda B
169,2023-07-04,27,Producto 27,6,48.39,290.34000000000003,Ropa,Tienda A
170,2023-01-17,16,Producto 16,2,88.86,177.72,Alimentos,Tienda A
171,2023-06-02,18,Producto 18,8,32.85,262.8,Ropa,Tienda C
172,2023-05-30,11,Producto 11,7,17.09,119.63,Alimentos,Tienda B
173,2023-04-21,18,Producto 18,2,77.38,154.76,Electrónica,Tienda B
174,2023-01-26,4,Producto 4,9,47.16,424.43999999999994,Ropa,Tienda A
175,2023-04-28,74,Producto 74,2,63.02,126.04,Alimentos,Tienda C
176,2023-03-25,30,Producto 30,3,12.38,37.14,Alimentos,Tienda B
177,2023-06-11,68,Producto 68,1,95.69,95.69,Ropa,Tienda B
178,2023-12-27,72,Producto 72,3,88.99,266.96999999999997,Alimentos,Tienda A
179,2023-08-17,81,Producto 81,5,66.15,330.75,Electrónica,Tienda A
180,2023-09-09,99,Producto 99,5,11.53,57.65,Alimentos,Tienda A
181,2023-05-02,5,Producto 5,9,44.02,396.18,Electrónica,Tienda B
182,2023-11-23,62,Producto 62,5,98.09,490.45000000000005,Ropa,Tienda B
183,2023-10-15,91,Producto 91,8,71.32,570.56,Ropa,Tienda C
184,2023-01-14,7,Producto 7,6,24.49,146.94,Alimentos,Tienda A
185,2023-11-24,33,Producto 33,3,51.45,154.35000000000002,Ropa,Tienda A
186,2023-07-04,82,Producto 82,4,97.01,388.04,Ropa,Tienda A
187,2023-06-02,38,Producto 38,1,58.12,58.12,Electrónica,Tienda B
188,2023-03-21,28,Producto 28,8,12.22,97.76,Electrónica,Tienda C
189,2023-02-11,52,Producto 52,7,65.78,460.46000000000004,Ropa,Tienda C
190,2023-10-02,79,Producto 79,9,34.41,309.68999999999994,Ropa,Tienda A
191,2023-02-10,60,Producto 60,2,18.9,37.8,Alimentos,Tienda B
192,2023-07-27,87,Producto 87,8,46.26,370.08,Electrónica,Tienda A
193,2023-09-25,96,Producto 96,7,60.27,421.89000000000004,Ropa,Tienda A
194,2023-06-16,9,Producto 9,9,11.53,103.77,Alimentos,Tienda C
195,2023-04-22,57,Producto 57,5,60.31,301.55,Electrónica,Tienda C
196,2023-12-16,30,Producto 30,4,56.01,224.04,Alimentos,Tienda B
197,2023-05-10,29,Producto 29,6,81.45,488.70000000000005,Ropa,Tienda A
198,2023-08-12,96,Producto 96,3,48.12,144.35999999999999,Ropa,Tienda A
199,2023-10-28,35,Producto 35,1,59.81,59.81,Ropa,Tienda B
200,2023-08-05,59,Producto 59,2,76.78,153.56,Electrónica,Tienda A
201,2023-01-25,82,Producto 82,5,90.74,453.7,Electrónica,Tienda B
202,2023-03-09,93,Producto 93,1,44.2,44.2,Ropa,Tienda B
203,2023-09-17,17,Producto 17,6,64.15,384.90000000000003,Alimentos,Tienda B
204,2023-08-23,73,Producto 73,9,72.51,652.59,Ropa,Tienda C
205,2023-07-24,60,Producto 60,4,13.89,55.56,Ropa,Tienda A
206,2023-10-19,8,Producto 8,2,82.07,164.14,Electrónica,Tienda C
207,2023-08-03,13,Producto 13,6,43.97,263.82,Alimentos,Tienda C
208,2023-07-09,33,Producto 33,1,70.32,70.32,Alimentos,Tienda B
209,2023-07-17,85,Producto 85,9,52.45,472.05,Electrónica,Tienda B
210,2023-08-04,76,Producto 76,2,73.21,146.42,Alimentos,Tienda A
211,2023-02-13,94,Producto 94,7,75.19,526.3299999999999,Alimentos,Tienda B
212,2023-02-02,41,Producto 41,8,27.24,217.92,Ropa,Tienda A
213,2023-01-12,1,Producto 1,2,69.6,139.2,Alimentos,Tienda A
214,2023-04-15,85,Producto 85,5,86.62,433.1,Electrónica,Tienda A
215,2023-08-01,93,Producto 93,9,31.2,280.8,Ropa,Tienda A
216,2023-05-19,78,Producto 78,7,78.24,547.68,Ropa,Tienda A
217,2023-07-02,38,Producto 38,8,67.04,536.32,Electrónica,Tienda B
218,2023-05-06,48,Producto 48,6,95.96,575.76,Alimentos,Tienda C
219,2023-06-06,62,Producto 62,8,33.42,267.36,Ropa,Tienda A
220,2023-04-22,51,Producto 51,9,23.88,214.92,Alimentos,Tienda C
221,2023-09-16,69,Producto 69,6,38.09,228.54000000000002,Alimentos,Tienda A
222,2023-01-28,77,Producto 77,2,33.22,66.44,Alimentos,Tienda C
223,2023-08-06,58,Producto 58,5,78.11,390.55,Electrónica,Tienda C
224,2023-06-01,5,Producto 5,8,75.98,607.84,Alimentos,Tienda A
225,2023-11-06,37,Producto 37,9,70.27,632.43,Ropa,Tienda B
226,2023-11-04,81,Producto 81,8,29.47,235.76,Ropa,Tienda B
227,2023-06-24,83,Producto 83,8,87.56,700.48,Electrónica,Tienda B
228,2023-05-29,38,Producto 38,1,96.09,96.09,Ropa,Tienda B
229,2023-01-30,95,Producto 95,7,57.84,404.88,Alimentos,Tienda C
230,2023-03-09,36,Producto 36,4,68.44,273.76,Ropa,Tienda A
231,2023-02-05,49,Producto 49,8,55.06,440.48,Electrónica,Tienda A
232,2023-10-23,1,Producto 1,3,35.52,106.56,Alimentos,Tienda B
233,2023-03-15,50,Producto 50,7,35.75,250.25,Alimentos,Tienda A
234,2023-10-25,58,Producto 58,4,38.21,152.84,Electrónica,Tienda A
235,2023-10-30,10,Producto 10,6,27.18,163.07999999999998,Ropa,Tienda A
236,2023-08-07,51,Producto 51,9,91.17,820.53,Alimentos,Tienda C
237,2023-12-31,98,Producto 98,6,87.26,523.5600000000001,Ropa,Tienda A
238,2023-09-17,49,Producto 49,1,51.55,51.55,Alimentos,Tienda A
239,2023-10-15,13,Producto 13,7,43.05,301.34999999999997,Electrónica,Tienda B
240,2023-09-23,71,Producto 71,2,94.52,189.04,Ropa,Tienda C
241,2023-01-28,37,Producto 37,5,30.01,150.05,Electrónica,Tienda C
242,2023-07-19,37,Producto 37,8,59.82,478.56,Electrónica,Tienda A
243,2023-03-03,31,Producto 31,6,14.9,89.4,Alimentos,Tienda A
244,2023-12-08,20,Producto 20,3,27.21,81.63,Electrónica,Tienda C
245,2023-12-20,39,Producto 39,7,64.36,450.52,Ropa,Tienda A
246,2023-02-14,45,Producto 45,5,69.6,348.0,Alimentos,Tienda A
247,2023-10-18,36,Producto 36,8,62.29,498.32,Alimentos,Tienda B
248,2023-03-30,15,Producto 15,4,88.26,353.04,Electrónica,Tienda C
249,2023-02-03,30,Producto 30,7,99.41,695.87,Alimentos,Tienda B
250,2023-05-14,52,Producto 52,8,78.75,630.0,Electrónica,Tienda B
251,2023-08-21,61,Producto 61,1,51.86,51.86,Alimentos,Tienda B
252,2023-09-13,82,Producto 82,7,85.05,595.35,Ropa,Tienda C
253,2023-02-06,68,Producto 68,5,20.83,104.14999999999999,Electrónica,Tienda A
254,2023-09-14,30,Producto 30,3,71.49,214.46999999999997,Ropa,Tienda B
255,2023-10-18,28,Producto 28,4,56.65,226.6,Ropa,Tienda A
256,2023-07-17,4,Producto 4,3,26.03,78.09,Ropa,Tienda B
257,2023-09-12,34,Producto 34,1,97.56,97.56,Alimentos,Tienda A
258,2023-03-22,52,Producto 52,6,40.46,242.76,Ropa,Tienda B
259,2023-05-17,28,Producto 28,9,65.39,588.51,Ropa,Tienda A
260,2023-07-09,57,Producto 57,2,89.07,178.14,Alimentos,Tienda A
261,2023-05-10,22,Producto 22,1,55.6,55.6,Alimentos,Tienda B
262,2023-07-29,40,Producto 40,6,20.36,122.16,Electrónica,Tienda A
263,2023-10-19,75,Producto 75,3,83.69,251.07,Alimentos,Tienda B
264,2023-12-14,30,Producto 30,2,41.79,83.58,Alimentos,Tienda B
265,2023-06-18,30,Producto 30,4,98.48,393.92,Electrónica,Tienda C
266,2023-10-20,62,Producto 62,1,89.54,89.54,Electrónica,Tienda B
267,2023-06-26,59,Producto 59,7,86.81,607.6700000000001,Electrónica,Tienda A
268,2023-01-26,25,Producto 25,1,42.06,42.06,Ropa,Tienda A
269,2023-11-20,17,Producto 17,8,78.14,625.12,Alimentos,Tienda C
270,2023-12-26,65,Producto 65,4,98.77,395.08,Alimentos,Tienda C
271,2023-10-19,99,Producto 99,9,57.37,516.3299999999999,Electrónica,Tienda B
272,2023-04-25,14,Producto 14,5,52.37,261.84999999999997,Electrónica,Tienda A
273,2023-10-14,2,Producto 2,5,11.32,56.6,Alimentos,Tienda C
274,2023-01-30,3,Producto 3,6,73.02,438.12,Electrónica,Tienda A
275,2023-08-30,67,Producto 67,2,87.26,174.52,Alimentos,Tienda C
276,2023-10-17,20,Producto 20,7,32.27,225.89000000000001,Alimentos,Tienda A
277,2023-05-27,77,Producto 77,9,38.35,345.15000000000003,Alimentos,Tienda A
278,2023-10-01,31,Producto 31,7,55.06,385.42,Electrónica,Tienda C
279,2023-08-10,40,Producto 40,2,16.49,32.98,Alimentos,Tienda A
280,2023-12-07,86,Producto 86,5,18.07,90.35,Ropa,Tienda B
281,2023-01-03,78,Producto 78,5,47.9,239.5,Alimentos,Tienda B
282,2023-03-11,50,Producto 50,9,33.51,301.59,Electrónica,Tienda A
283,2023-12-24,27,Producto 27,7,46.54,325.78,Alimentos,Tienda B
284,2023-02-14,13,Producto 13,3,50.89,152.67000000000002,Ropa,Tienda A
285,2023-09-11,65,Producto 65,4,97.86,391.44,Alimentos,Tienda B
286,2023-11-19,2,Producto 2,9,94.98,854.82,Ropa,Tienda C
287,2023-04-22,37,Producto 37,1,22.58,22.58,Ropa,Tienda A
288,2023-04-02,11,Producto 11,6,89.43,536.58,Alimentos,Tienda A
289,2023-12-08,33,Producto 33,9,17.22,154.98,Electrónica,Tienda B
290,2023-02-09,29,Producto 29,8,55.69,445.52,Alimentos,Tienda C
291,2023-05-31,59,Producto 59,6,24.75,148.5,Ropa,Tienda A
292,2023-05-26,67,Producto 67,7,42.93,300.51,Alimentos,Tienda C
293,2023-07-18,93,Producto 93,6,76.9,461.40000000000003,Alimentos,Tienda A
294,2023-10-02,66,Producto 66,8,48.21,385.68,Electrónica,Tienda B
295,2023-12-15,78,Producto 78,5,82.63,413.15,Ropa,Tienda B
296,2023-02-13,84,Producto 84,3,74.69,224.07,Electrónica,Tienda C
297,2023-03-25,48,Producto 48,7,94.86,664.02,Electrónica,Tienda B
298,2023-10-25,82,Producto 82,7,58.07,406.49,Alimentos,Tienda C
299,2023-04-04,37,Producto 37,9,82.19,739.71,Alimentos,Tienda B
300,2023-06-24,72,Producto 72,2,39.06,78.12,Ropa,Tienda C
301,2023-07-21,54,Producto 54,1,41.12,41.12,Ropa,Tienda B
302,2023-12-12,71,Producto 71,6,46.05,276.29999999999995,Ropa,Tienda C
303,2023-11-26,10,Producto 10,1,46.98,46.98,Ropa,Tienda B
304,2023-01-29,16,Producto 16,2,19.29,38.58,Electrónica,Tienda C
305,2023-07-29,19,Producto 19,5,56.72,283.6,Ropa,Tienda A
306,2023-04-16,30,Producto 30,2,18.71,37.42,Ropa,Tienda C
307,2023-03-05,54,Producto 54,1,90.08,90.08,Alimentos,Tienda B
308,2023-01-17,61,Producto 61,4,15.57,62.28,Electrónica,Tienda B
309,2023-04-17,43,Producto 43,4,50.47,201.88,Ropa,Tienda A
310,2023-06-14,83,Producto 83,1,35.62,35.62,Electrónica,Tienda B
311,2023-04-05,3,Producto 3,9,23.94,215.46,Alimentos,Tienda A
312,2023-01-25,30,Producto 30,3,80.55,241.64999999999998,Electrónica,Tienda C
313,2023-04-27,18,Producto 18,6,74.34,446.04,Electrónica,Tienda B
314,2023-07-11,36,Producto 36,5,23.14,115.7,Ropa,Tienda A
315,2023-07-15,20,Producto 20,3,66.95,200.85000000000002,Electrónica,Tienda A
316,2023-11-04,17,Producto 17,5,81.33,406.65,Ropa,Tienda B
317,2023-05-17,24,Producto 24,3,79.6,238.79999999999998,Alimentos,Tienda A
318,2023-12-14,13,Producto 13,1,18.31,18.31,Ropa,Tienda A
319,2023-04-04,57,Producto 57,2,71.7,143.4,Alimentos,Tienda C
320,2023-08-27,67,Producto 67,6,74.44,446.64,Alimentos,Tienda C
321,2023-03-29,21,Producto 21,6,87.59,525.54,Ropa,Tienda C
322,2023-06-10,4,Producto 4,9,55.72,501.48,Ropa,Tienda A
323,2023-05-28,82,Producto 82,1,51.5,51.5,Electrónica,Tienda B
324,2023-03-14,45,Producto 45,1,96.86,96.86,Ropa,Tienda C
325,2023-03-29,39,Producto 39,6,81.69,490.14,Alimentos,Tienda B
326,2023-01-14,43,Producto 43,8,60.29,482.32,Electrónica,Tienda C
327,2023-11-11,75,Producto 75,4,39.76,159.04,Ropa,Tienda A
328,2023-03-23,38,Producto 38,7,86.07,602.49,Electrónica,Tienda C
329,2023-05-01,41,Producto 41,1,50.99,50.99,Electrónica,Tienda B
330,2023-11-17,28,Producto 28,3,18.34,55.019999999999996,Alimentos,Tienda A
331,2023-07-23,5,Producto 5,1,50.94,50.94,Alimentos,Tienda B
332,2023-08-09,52,Producto 52,6,88.48,530.88,Alimentos,Tienda A
333,2023-10-09,23,Producto 23,2,50.35,100.7,Ropa,Tienda B
334,2023-10-16,38,Producto 38,8,11.29,90.32,Alimentos,Tienda C
335,2023-09-28,36,Producto 36,4,65.03,260.12,Electrónica,Tienda A
336,2023-10-12,31,Producto 31,3,99.62,298.86,Alimentos,Tienda B
337,2023-10-04,8,Producto 8,4,83.55,334.2,Electrónica,Tienda A
338,2023-11-21,89,Producto 89,3,65.55,196.64999999999998,Alimentos,Tienda B
339,2023-01-23,89,Producto 89,4,92.3,369.2,Electrónica,Tienda B
340,2023-08-16,16,Producto 16,8,83.22,665.76,Ropa,Tienda A
341,2023-03-25,11,Producto 11,8,54.88,439.04,Electrónica,Tienda C
342,2023-05-16,20,Producto 20,2,63.21,126.42,Electrónica,Tienda A
343,2023-03-03,78,Producto 78,5,75.82,379.09999999999997,Ropa,Tienda C
344,2023-05-22,57,Producto 57,7,86.18,603.26,Ropa,Tienda B
345,2023-01-06,19,Producto 19,8,15.24,121.92,Alimentos,Tienda A
346,2023-09-14,72,Producto 72,1,79.73,79.73,Alimentos,Tienda A
347,2023-05-17,61,Producto 61,1,50.28,50.28,Ropa,Tienda C
348,2023-07-27,25,Producto 25,7,69.47,486.28999999999996,Ropa,Tienda C
349,2023-05-20,33,Producto 33,5,78.82,394.09999999999997,Ropa,Tienda A
350,2023-01-05,40,Producto 40,5,58.56,292.8,Alimentos,Tienda A
351,2023-12-15,17,Producto 17,6,24.27,145.62,Alimentos,Tienda B
352,2023-10-10,53,Producto 53,2,46.86,93.72,Ropa,Tienda A
353,2023-03-16,91,Producto 91,3,16.92,50.760000000000005,Ropa,Tienda A
354,2023-11-05,81,Producto 81,7,72.04,504.28000000000003,Electrónica,Tienda A
355,2023-08-08,47,Producto 47,9,95.83,862.47,Ropa,Tienda B
356,2023-11-04,97,Producto 97,3,81.57,244.70999999999998,Alimentos,Tienda C
357,2023-08-16,95,Producto 95,6,45.08,270.48,Alimentos,Tienda A
358,2023-12-28,85,Producto 85,6,62.59,375.54,Ropa,Tienda A
359,2023-10-02,24,Producto 24,9,37.38,336.42,Alimentos,Tienda B
360,2023-10-18,16,Producto 16,6,58.69,352.14,Ropa,Tienda A
361,2023-02-21,45,Producto 45,2,37.07,74.14,Electrónica,Tienda C
362,2023-06-08,84,Producto 84,5,76.45,382.25,Alimentos,Tienda B
363,2023-11-11,56,Producto 56,7,33.34,233.38000000000002,Alimentos,Tienda B
364,2023-11-08,99,Producto 99,9,96.76,870.84,Ropa,Tienda A
365,2023-10-02,28,Producto 28,1,69.58,69.58,Ropa,Tienda A
366,2023-12-10,46,Producto 46,6,16.19,97.14000000000001,Alimentos,Tienda C
367,2023-11-23,99,Producto 99,7,10.97,76.79,Ropa,Tienda B
368,2023-02-23,82,Producto 82,1,99.73,99.73,Alimentos,Tienda B
369,2023-11-01,88,Producto 88,7,29.85,208.95000000000002,Electrónica,Tienda B
370,2023-04-05,28,Producto 28,1,38.13,38.13,Electrónica,Tienda B
371,2023-03-01,78,Producto 78,7,28.76,201.32000000000002,Alimentos,Tienda B
372,2023-12-03,49,Producto 49,8,93.53,748.24,Ropa,Tienda C
373,2023-06-04,88,Producto 88,2,68.68,137.36,Alimentos,Tienda C
374,2023-05-05,95,Producto 95,2,55.39,110.78,Ropa,Tienda C
375,2023-06-13,6,Producto 6,6,60.19,361.14,Alimentos,Tienda B
376,2023-02-28,98,Producto 98,1,38.61,38.61,Electrónica,Tienda C
377,2023-04-17,99,Producto 99,7,65.28,456.96000000000004,Electrónica,Tienda B
378,2023-07-21,29,Producto 29,5,47.76,238.79999999999998,Electrónica,Tienda C
379,2023-10-28,66,Producto 66,5,27.93,139.65,Electrónica,Tienda A
380,2023-09-27,69,Producto 69,5,69.09,345.45000000000005,Alimentos,Tienda A
381,2023-11-23,86,Producto 86,8,43.65,349.2,Electrónica,Tienda B
382,2023-02-08,73,Producto 73,3,80.66,241.98,Ropa,Tienda C
383,2023-06-17,34,Producto 34,2,47.39,94.78,Electrónica,Tienda A
384,2023-05-17,49,Producto 49,5,55.74,278.7,Ropa,Tienda B
385,2023-01-14,90,Producto 90,9,80.87,727.83,Electrónica,Tienda A
386,2023-07-28,70,Producto 70,5,50.31,251.55,Ropa,Tienda A
387,2023-01-23,66,Producto 66,5,96.96,484.79999999999995,Electrónica,Tienda B
388,2023-12-02,72,Producto 72,8,81.37,650.96,Alimentos,Tienda A
389,2023-09-22,2,Producto 2,1,84.38,84.38,Electrónica,Tienda A
390,2023-08-16,2,Producto 2,8,95.85,766.8,Electrónica,Tienda B
391,2023-09-20,72,Producto 72,9,45.0,405.0,Alimentos,Tienda B
392,2023-07-29,26,Producto 26,6,62.21,373.26,Electrónica,Tienda B
393,2023-03-02,78,Producto 78,3,72.42,217.26,Alimentos,Tienda A
394,2023-02-26,51,Producto 51,7,70.61,494.27,Ropa,Tienda C
395,2023-08-26,28,Producto 28,6,95.76,574.5600000000001,Ropa,Tienda B
396,2023-06-01,97,Producto 97,7,35.95,251.65000000000003,Alimentos,Tienda C
397,2023-10-08,44,Producto 44,6,36.22,217.32,Alimentos,Tienda C
398,2023-01-05,20,Producto 20,4,92.62,370.48,Alimentos,Tienda A
399,2023-04-11,99,Producto 99,4,81.94,327.76,Alimentos,Tienda B
400,2023-11-02,46,Producto 46,1,28.3,28.3,Alimentos,Tienda A
401,2023-12-10,81,Producto 81,4,61.3,245.2,Electrónica,Tienda B
402,2023-01-31,44,Producto 44,5,77.12,385.6,Electrónica,Tienda B
403,2023-02-24,68,Producto 68,2,41.77,83.54,Alimentos,Tienda C
404,2023-06-03,9,Producto 9,1,49.09,49.09,Electrónica,Tienda A
405,2023-10-04,84,Producto 84,4,61.79,247.16,Alimentos,Tienda C
406,2023-12-20,47,Producto 47,4,52.04,208.16,Ropa,Tienda A
407,2023-12-24,65,Producto 65,5,77.77,388.84999999999997,Alimentos,Tienda C
408,2023-07-05,21,Producto 21,7,10.53,73.71,Alimentos,Tienda B
409,2023-01-30,97,Producto 97,6,49.12,294.71999999999997,Ropa,Tienda B
410,2023-11-06,99,Producto 99,8,40.38,323.04,Alimentos,Tienda B
411,2023-04-30,6,Producto 6,2,64.82,129.64,Ropa,Tienda A
412,2023-12-09,86,Producto 86,6,79.84,479.04,Ropa,Tienda B
413,2023-01-08,25,Producto 25,8,16.85,134.8,Ropa,Tienda A
414,2023-04-16,3,Producto 3,7,24.23,169.61,Alimentos,Tienda C
415,2023-05-18,72,Producto 72,7,69.86,489.02,Ropa,Tienda C
416,2023-07-02,76,Producto 76,7,76.46,535.2199999999999,Ropa,Tienda C
417,2023-12-06,29,Producto 29,2,62.94,125.88,Alimentos,Tienda B
418,2023-07-29,96,Producto 96,9,98.45,886.0500000000001,Ropa,Tienda A
419,2023-05-29,66,Producto 66,5,54.95,274.75,Alimentos,Tienda B
420,2023-09-17,81,Producto 81,3,22.27,66.81,Alimentos,Tienda B
421,2023-05-07,83,Producto 83,1,71.77,71.77,Alimentos,Tienda B
422,2023-10-26,15,Producto 15,3,64.19,192.57,Alimentos,Tienda A
423,2023-03-07,22,Producto 22,9,63.14,568.26,Electrónica,Tienda A
424,2023-01-21,70,Producto 70,4,59.13,236.52,Ropa,Tienda B
425,2023-10-20,34,Producto 34,8,94.52,756.16,Alimentos,Tienda B
426,2023-11-21,3,Producto 3,3,21.62,64.86,Ropa,Tienda A
427,2023-04-23,28,Producto 28,2,16.59,33.18,Ropa,Tienda B
428,2023-05-19,20,Producto 20,5,23.87,119.35000000000001,Electrónica,Tienda A
429,2023-08-26,16,Producto 16,5,32.05,160.25,Electrónica,Tienda C
430,2023-12-27,72,Producto 72,5,63.37,316.84999999999997,Electrónica,Tienda C
431,2023-12-14,30,Producto 30,3,65.12,195.36,Ropa,Tienda B
432,2023-02-13,36,Producto 36,5,30.93,154.65,Ropa,Tienda A
433,2023-03-05,98,Producto 98,9,54.03,486.27,Alimentos,Tienda A
434,2023-09-23,49,Producto 49,8,53.39,427.12,Ropa,Tienda B
435,2023-04-02,50,Producto 50,9,50.78,457.02,Electrónica,Tienda B
436,2023-04-22,81,Producto 81,6,82.32,493.91999999999996,Ropa,Tienda A
437,2023-12-06,57,Producto 57,2,52.45,104.9,Electrónica,Tienda C
438,2023-11-29,64,Producto 64,9,78.25,704.25,Electrónica,Tienda B
439,2023-10-02,89,Producto 89,9,24.98,224.82,Electrónica,Tienda A
440,2023-11-27,59,Producto 59,7,57.88,405.16,Electrónica,Tienda C
441,2023-08-15,6,Producto 6,1,84.17,84.17,Electrónica,Tienda B
442,2023-08-14,52,Producto 52,1,25.99,25.99,Electrónica,Tienda C
443,2023-05-12,62,Producto 62,3,51.84,155.52,Electrónica,Tienda C
444,2023-08-17,84,Producto 84,4,64.82,259.28,Ropa,Tienda B
445,2023-11-11,18,Producto 18,3,26.63,79.89,Ropa,Tienda A
446,2023-05-09,46,Producto 46,2,78.11,156.22,Alimentos,Tienda A
447,2023-10-23,97,Producto 97,6,17.11,102.66,Alimentos,Tienda A
448,2023-01-25,63,Producto 63,7,95.18,666.26,Alimentos,Tienda C
449,2023-07-06,23,Producto 23,2,52.14,104.28,Electrónica,Tienda C
450,2023-10-20,98,Producto 98,9,40.25,362.25,Ropa,Tienda C
451,2023-12-22,10,Producto 10,8,20.51,164.08,Ropa,Tienda B
452,2023-11-22,6,Producto 6,8,48.93,391.44,Ropa,Tienda B
453,2023-05-15,77,Producto 77,4,69.38,277.52,Alimentos,Tienda B
454,2023-01-04,62,Producto 62,5,18.5,92.5,Electrónica,Tienda C
455,2023-08-15,43,Producto 43,7,37.56,262.92,Ropa,Tienda B
456,2023-06-18,17,Producto 17,7,85.24,596.68,Alimentos,Tienda B
457,2023-10-12,60,Producto 60,5,68.16,340.79999999999995,Alimentos,Tienda C
458,2023-11-21,18,Producto 18,2,28.57,57.14,Ropa,Tienda C
459,2023-01-27,69,Producto 69,3,24.48,73.44,Ropa,Tienda C
460,2023-08-13,61,Producto 61,1,91.4,91.4,Ropa,Tienda A
461,2023-09-06,26,Producto 26,1,35.83,35.83,Ropa,Tienda B
462,2023-07-21,15,Producto 15,8,26.16,209.28,Ropa,Tienda B
463,2023-07-17,62,Producto 62,7,100.0,700.0,Alimentos,Tienda C
464,2023-05-16,54,Producto 54,3,37.83,113.49,Ropa,Tienda C
465,2023-05-06,82,Producto 82,9,21.23,191.07,Alimentos,Tienda A
466,2023-04-05,30,Producto 30,9,51.56,464.04,Alimentos,Tienda B
467,2023-03-14,71,Producto 71,3,49.09,147.27,Ropa,Tienda C
468,2023-09-04,29,Producto 29,2,93.41,186.82,Ropa,Tienda A
469,2023-12-07,75,Producto 75,3,22.08,66.24,Alimentos,Tienda B
470,2023-05-16,6,Producto 6,8,18.2,145.6,Ropa,Tienda C
471,2023-07-15,85,Producto 85,7,18.37,128.59,Alimentos,Tienda B
472,2023-08-02,56,Producto 56,7,91.39,639.73,Ropa,Tienda A
473,2023-04-19,51,Producto 51,3,50.44,151.32,Electrónica,Tienda B
474,2023-11-20,87,Producto 87,2,23.55,47.1,Ropa,Tienda A
475,2023-04-13,54,Producto 54,6,63.44,380.64,Ropa,Tienda C
476,2023-12-07,11,Producto 11,7,58.39,408.73,Electrónica,Tienda A
477,2023-11-24,44,Producto 44,4,27.86,111.44,Electrónica,Tienda C
478,2023-03-25,60,Producto 60,5,64.27,321.34999999999997,Ropa,Tienda A
479,2023-08-12,31,Producto 31,3,40.62,121.85999999999999,Ropa,Tienda B
480,2023-09-14,60,Producto 60,2,31.45,62.9,Electrónica,Tienda C
481,2023-05-14,15,Producto 15,7,55.94,391.58,Alimentos,Tienda A
482,2023-12-14,49,Producto 49,1,36.25,36.25,Electrónica,Tienda B
483,2023-04-18,57,Producto 57,3,29.99,89.97,Ropa,Tienda B
484,2023-01-08,66,Producto 66,7,89.18,624.26,Electrónica,Tienda A
485,2023-05-30,8,Producto 8,4,24.02,96.08,Electrónica,Tienda B
486,2023-06-21,70,Producto 70,8,35.25,282.0,Ropa,Tienda C
487,2023-02-16,16,Producto 16,6,44.75,268.5,Electrónica,Tienda B
488,2023-01-01,53,Producto 53,3,34.63,103.89000000000001,Alimentos,Tienda B
489,2023-12-27,33,Producto 33,7,28.96,202.72,Electrónica,Tienda A
490,2023-06-29,88,Producto 88,7,79.4,555.8000000000001,Electrónica,Tienda C
491,2023-02-08,79,Producto 79,2,39.61,79.22,Electrónica,Tienda A
492,2023-03-31,35,Producto 35,1,20.13,20.13,Electrónica,Tienda C
493,2023-03-16,30,Producto 30,2,58.68,117.36,Alimentos,Tienda C
494,2023-08-15,52,Producto 52,4,21.29,85.16,Ropa,Tienda B
495,2023-05-04,90,Producto 90,4,42.18,168.72,Ropa,Tienda B
496,2023-12-10,54,Producto 54,2,89.36,178.72,Ropa,Tienda B
497,2023-04-07,5,Producto 5,4,43.22,172.88,Ropa,Tienda B
498,2023-12-06,65,Producto 65,5,66.93,334.65000000000003,Ropa,Tienda A
499,2023-10-10,27,Producto 27,4,56.32,225.28,Ropa,Tienda A
500,2023-07-26,85,Producto 85,6,22.4,134.39999999999998,Ropa,Tienda C
501,2023-02-02,6,Producto 6,7,68.42,478.94,Alimentos,Tienda B
502,2023-04-26,89,Producto 89,9,87.04,783.36,Electrónica,Tienda C
503,2023-12-20,18,Producto 18,6,18.39,110.34,Electrónica,Tienda A
504,2023-11-12,69,Producto 69,6,77.83,466.98,Ropa,Tienda B
505,2023-11-10,57,Producto 57,9,72.12,649.08,Ropa,Tienda B
506,2023-06-28,33,Producto 33,5,88.0,440.0,Electrónica,Tienda B
507,2023-06-23,82,Producto 82,6,19.37,116.22,Electrónica,Tienda A
508,2023-08-22,73,Producto 73,1,37.51,37.51,Electrónica,Tienda C
509,2023-05-13,74,Producto 74,4,72.49,289.96,Alimentos,Tienda B
510,2023-04-04,32,Producto 32,2,11.98,23.96,Ropa,Tienda B
511,2023-12-14,95,Producto 95,7,76.07,532.49,Ropa,Tienda C
512,2023-07-14,74,Producto 74,9,87.22,784.98,Ropa,Tienda C
513,2023-07-05,49,Producto 49,7,50.8,355.59999999999997,Alimentos,Tienda C
514,2023-06-14,33,Producto 33,4,49.09,196.36,Electrónica,Tienda B
515,2023-12-28,15,Producto 15,5,35.06,175.3,Ropa,Tienda B
516,2023-07-10,62,Producto 62,6,10.45,62.699999999999996,Electrónica,Tienda B
517,2023-01-05,88,Producto 88,9,26.77,240.93,Ropa,Tienda C
518,2023-07-25,33,Producto 33,3,98.19,294.57,Electrónica,Tienda B
519,2023-12-10,57,Producto 57,4,88.06,352.24,Alimentos,Tienda A
520,2023-08-15,29,Producto 29,3,33.99,101.97,Ropa,Tienda B
521,2023-03-15,44,Producto 44,2,96.74,193.48,Ropa,Tienda C
522,2023-08-07,98,Producto 98,2,43.09,86.18,Electrónica,Tienda A
523,2023-01-27,51,Producto 51,9,36.78,331.02,Ropa,Tienda C
524,2023-01-23,47,Producto 47,7,23.75,166.25,Alimentos,Tienda B
525,2023-07-27,73,Producto 73,4,91.14,364.56,Electrónica,Tienda A
526,2023-12-21,38,Producto 38,3,98.83,296.49,Ropa,Tienda B
527,2023-04-01,3,Producto 3,3,39.47,118.41,Electrónica,Tienda C
528,2023-02-21,18,Producto 18,5,73.31,366.55,Electrónica,Tienda B
529,2023-10-30,16,Producto 16,8,40.18,321.44,Ropa,Tienda B
530,2023-07-28,68,Producto 68,3,19.45,58.349999999999994,Electrónica,Tienda C
531,2023-03-03,86,Producto 86,5,45.34,226.70000000000002,Electrónica,Tienda C
532,2023-10-31,94,Producto 94,5,59.64,298.2,Electrónica,Tienda B
533,2023-04-15,23,Producto 23,2,21.07,42.14,Alimentos,Tienda C
534,2023-05-09,83,Producto 83,6,83.64,501.84000000000003,Alimentos,Tienda B
535,2023-11-24,8,Producto 8,4,54.76,219.04,Alimentos,Tienda B
536,2023-04-05,56,Producto 56,8,31.09,248.72,Ropa,Tienda A
537,2023-01-07,50,Producto 50,5,63.35,316.75,Electrónica,Tienda B
538,2023-06-23,27,Producto 27,3,81.39,244.17000000000002,Ropa,Tienda B
539,2023-09-03,5,Producto 5,1,39.49,39.49,Ropa,Tienda C
540,2023-01-16,90,Producto 90,3,73.13,219.39,Alimentos,Tienda A
541,2023-06-19,27,Producto 27,3,48.51,145.53,Alimentos,Tienda A
542,2023-06-16,61,Producto 61,7,96.76,677.32,Electrónica,Tienda A
543,2023-11-06,84,Producto 84,9,79.38,714.42,Ropa,Tienda B
544,2023-03-24,79,Producto 79,2,42.07,84.14,Ropa,Tienda A
545,2023-08-09,19,Producto 19,2,11.6,23.2,Electrónica,Tienda A
546,2023-11-18,97,Producto 97,2,69.18,138.36,Alimentos,Tienda C
547,2023-06-19,92,Producto 92,1,27.81,27.81,Alimentos,Tienda C
548,2023-11-19,37,Producto 37,2,20.97,41.94,Alimentos,Tienda B
549,2023-04-25,21,Producto 21,8,93.86,750.88,Alimentos,Tienda B
550,2023-12-15,4,Producto 4,1,100.0,100.0,Electrónica,Tienda B
551,2023-12-01,19,Producto 19,7,34.29,240.03,Electrónica,Tienda C
552,2023-08-18,78,Producto 78,6,37.16,222.95999999999998,Electrónica,Tienda A
553,2023-08-08,52,Producto 52,9,24.85,223.65,Electrónica,Tienda A
554,2023-09-04,50,Producto 50,6,51.19,307.14,Electrónica,Tienda A
555,2023-04-11,32,Producto 32,7,87.93,615.51,Alimentos,Tienda C
556,2023-08-10,98,Producto 98,9,73.14,658.26,Alimentos,Tienda C
557,2023-06-28,19,Producto 19,2,86.17,172.34,Ropa,Tienda C
558,2023-06-24,13,Producto 13,5,30.56,152.79999999999998,Alimentos,Tienda C
559,2023-04-04,92,Producto 92,6,75.74,454.43999999999994,Ropa,Tienda A
560,2023-04-25,99,Producto 99,1,92.67,92.67,Alimentos,Tienda A
561,2023-06-11,72,Producto 72,6,35.33,211.98,Alimentos,Tienda C
562,2023-09-26,95,Producto 95,7,72.16,505.12,Electrónica,Tienda C
563,2023-08-13,46,Producto 46,2,46.06,92.12,Alimentos,Tienda A
564,2023-08-22,81,Producto 81,2,36.12,72.24,Ropa,Tienda B
565,2023-12-03,66,Producto 66,4,97.27,389.08,Electrónica,Tienda B
566,2023-03-08,89,Producto 89,2,41.38,82.76,Electrónica,Tienda C
567,2023-05-06,17,Producto 17,7,19.71,137.97,Alimentos,Tienda C
568,2023-05-19,46,Producto 46,1,44.97,44.97,Electrónica,Tienda B
569,2023-04-23,92,Producto 92,8,50.29,402.32,Ropa,Tienda C
570,2023-08-07,38,Producto 38,7,77.7,543.9,Ropa,Tienda B
571,2023-06-05,51,Producto 51,5,95.49,477.45,Ropa,Tienda A
572,2023-07-04,25,Producto 25,3,83.54,250.62,Ropa,Tienda A
573,2023-05-01,49,Producto 49,4,93.78,375.12,Electrónica,Tienda C
574,2023-11-18,77,Producto 77,7,52.76,369.32,Ropa,Tienda B
575,2023-07-17,5,Producto 5,7,74.74,523.18,Ropa,Tienda C
576,2023-12-11,52,Producto 52,3,37.81,113.43,Ropa,Tienda C
577,2023-10-18,47,Producto 47,2,16.26,32.52,Alimentos,Tienda A
578,2023-01-04,41,Producto 41,8,42.89,343.12,Alimentos,Tienda B
579,2023-07-08,15,Producto 15,9,72.81,655.29,Electrónica,Tienda B
580,2023-08-27,11,Producto 11,9,34.72,312.48,Ropa,Tienda C
581,2023-06-15,28,Producto 28,5,87.53,437.65,Electrónica,Tienda A
582,2023-06-21,79,Producto 79,3,81.17,243.51,Alimentos,Tienda B
583,2023-07-31,14,Producto 14,9,27.46,247.14000000000001,Alimentos,Tienda B
584,2023-12-11,5,Producto 5,1,39.78,39.78,Electrónica,Tienda C
585,2023-03-12,87,Producto 87,4,84.28,337.12,Alimentos,Tienda A
586,2023-05-29,16,Producto 16,1,31.95,31.95,Ropa,Tienda B
587,2023-10-12,30,Producto 30,6,39.84,239.04000000000002,Alimentos,Tienda A
588,2023-04-26,79,Producto 79,8,40.88,327.04,Ropa,Tienda C
589,2023-11-19,43,Producto 43,8,82.09,656.72,Alimentos,Tienda C
590,2023-04-03,26,Producto 26,5,13.33,66.65,Alimentos,Tienda B
591,2023-04-13,76,Producto 76,9,16.64,149.76,Electrónica,Tienda A
592,2023-12-24,96,Producto 96,3,62.06,186.18,Alimentos,Tienda B
593,2023-07-17,92,Producto 92,6,45.74,274.44,Electrónica,Tienda B
594,2023-04-20,23,Producto 23,2,66.96,133.92,Ropa,Tienda A
595,2023-11-26,44,Producto 44,8,33.98,271.84,Electrónica,Tienda C
596,2023-04-11,85,Producto 85,8,91.86,734.88,Alimentos,Tienda A
597,2023-07-02,56,Producto 56,2,78.48,156.96,Ropa,Tienda A
598,2023-11-30,3,Producto 3,6,16.1,96.60000000000001,Electrónica,Tienda B
599,2023-06-09,26,Producto 26,1,80.55,80.55,Electrónica,Tienda C
600,2023-03-23,1,Producto 1,8,97.26,778.08,Electrónica,Tienda C
601,2023-02-05,96,Producto 96,9,94.82,853.3799999999999,Electrónica,Tienda B
602,2023-08-26,57,Producto 57,5,76.19,380.95,Alimentos,Tienda B
603,2023-09-01,71,Producto 71,6,21.12,126.72,Ropa,Tienda C
604,2023-09-08,83,Producto 83,3,61.85,185.55,Electrónica,Tienda B
605,2023-09-12,87,Producto 87,1,35.58,35.58,Electrónica,Tienda A
606,2023-10-09,63,Producto 63,9,97.32,875.8799999999999,Electrónica,Tienda A
607,2023-01-22,47,Producto 47,7,74.57,521.99,Alimentos,Tienda B
608,2023-08-18,90,Producto 90,6,64.97,389.82,Alimentos,Tienda A
609,2023-06-03,78,Producto 78,4,72.56,290.24,Electrónica,Tienda B
610,2023-04-30,13,Producto 13,9,49.42,444.78000000000003,Electrónica,Tienda C
611,2023-06-15,63,Producto 63,1,43.55,43.55,Ropa,Tienda B
612,2023-07-18,38,Producto 38,8,94.22,753.76,Ropa,Tienda C
613,2023-12-13,84,Producto 84,3,39.87,119.60999999999999,Alimentos,Tienda B
614,2023-03-16,32,Producto 32,9,13.73,123.57000000000001,Electrónica,Tienda B
615,2023-03-20,29,Producto 29,8,46.08,368.64,Alimentos,Tienda A
616,2023-11-15,60,Producto 60,7,81.13,567.91,Electrónica,Tienda A
617,2023-03-14,84,Producto 84,1,68.36,68.36,Ropa,Tienda A
618,2023-07-19,41,Producto 41,6,96.6,579.5999999999999,Ropa,Tienda A
619,2023-10-29,90,Producto 90,3,19.56,58.67999999999999,Alimentos,Tienda B
620,2023-05-14,30,Producto 30,7,92.04,644.2800000000001,Alimentos,Tienda A
621,2023-02-17,29,Producto 29,9,43.2,388.8,Alimentos,Tienda B
622,2023-07-07,53,Producto 53,5,52.66,263.29999999999995,Ropa,Tienda B
623,2023-06-20,43,Producto 43,1,48.56,48.56,Electrónica,Tienda C
624,2023-05-19,11,Producto 11,4,20.48,81.92,Electrónica,Tienda B
625,2023-08-31,85,Producto 85,5,32.3,161.5,Alimentos,Tienda A
626,2023-11-10,18,Producto 18,2,76.8,153.6,Electrónica,Tienda C
627,2023-12-12,1,Producto 1,9,12.07,108.63,Electrónica,Tienda C
628,2023-05-06,40,Producto 40,3,22.05,66.15,Alimentos,Tienda C
629,2023-07-26,39,Producto 39,9,12.27,110.42999999999999,Ropa,Tienda B
630,2023-12-05,99,Producto 99,9,87.16,784.4399999999999,Alimentos,Tienda A
631,2023-07-17,66,Producto 66,8,65.56,524.48,Alimentos,Tienda C
632,2023-07-06,49,Producto 49,4,25.29,101.16,Alimentos,Tienda B
633,2023-01-18,87,Producto 87,7,79.19,554.3299999999999,Electrónica,Tienda B
634,2023-07-17,46,Producto 46,4,97.01,388.04,Alimentos,Tienda C
635,2023-12-17,50,Producto 50,8,94.11,752.88,Alimentos,Tienda A
636,2023-06-02,23,Producto 23,8,92.94,743.52,Ropa,Tienda B
637,2023-05-12,93,Producto 93,3,10.7,32.099999999999994,Ropa,Tienda C
638,2023-11-22,66,Producto 66,8,63.01,504.08,Alimentos,Tienda B
639,2023-06-14,86,Producto 86,9,33.1,297.90000000000003,Ropa,Tienda A
640,2023-02-28,67,Producto 67,5,60.82,304.1,Alimentos,Tienda A
641,2023-06-27,33,Producto 33,4,38.62,154.48,Ropa,Tienda A
642,2023-06-02,51,Producto 51,1,23.83,23.83,Alimentos,Tienda A
643,2023-06-11,71,Producto 71,3,50.0,150.0,Ropa,Tienda B
644,2023-12-20,36,Producto 36,6,54.56,327.36,Electrónica,Tienda A
645,2023-08-30,24,Producto 24,5,99.08,495.4,Ropa,Tienda C
646,2023-05-16,83,Producto 83,3,13.81,41.43,Ropa,Tienda A
647,2023-08-24,90,Producto 90,8,37.1,296.8,Alimentos,Tienda A
648,2023-02-16,80,Producto 80,4,86.67,346.68,Ropa,Tienda C
649,2023-05-08,28,Producto 28,8,69.37,554.96,Ropa,Tienda A
650,2023-12-04,86,Producto 86,4,84.4,337.6,Electrónica,Tienda A
651,2023-06-07,2,Producto 2,2,69.43,138.86,Alimentos,Tienda C
652,2023-01-13,10,Producto 10,5,78.36,391.8,Electrónica,Tienda A
653,2023-04-29,82,Producto 82,6,54.36,326.15999999999997,Alimentos,Tienda B
654,2023-10-30,12,Producto 12,4,28.44,113.76,Alimentos,Tienda B
655,2023-10-16,65,Producto 65,3,82.9,248.70000000000002,Alimentos,Tienda A
656,2023-10-18,68,Producto 68,2,61.1,122.2,Ropa,Tienda B
657,2023-04-26,62,Producto 62,4,22.56,90.24,Alimentos,Tienda C
658,2023-03-29,55,Producto 55,5,82.44,412.2,Electrónica,Tienda B
659,2023-05-05,37,Producto 37,5,96.27,481.34999999999997,Ropa,Tienda A
660,2023-06-24,85,Producto 85,7,41.15,288.05,Alimentos,Tienda A
661,2023-12-30,20,Producto 20,4,36.42,145.68,Alimentos,Tienda A
662,2023-02-22,70,Producto 70,8,17.36,138.88,Ropa,Tienda A
663,2023-04-21,85,Producto 85,5,69.8,349.0,Electrónica,Tienda C
664,2023-03-06,63,Producto 63,1,96.31,96.31,Electrónica,Tienda A
665,2023-11-29,69,Producto 69,1,22.24,22.24,Ropa,Tienda C
666,2023-03-15,42,Producto 42,1,53.66,53.66,Ropa,Tienda C
667,2023-05-27,81,Producto 81,1,18.84,18.84,Ropa,Tienda A
668,2023-09-18,17,Producto 17,5,13.07,65.35,Ropa,Tienda B
669,2023-09-21,58,Producto 58,6,69.81,418.86,Ropa,Tienda B
670,2023-05-12,6,Producto 6,6,88.09,528.54,Alimentos,Tienda B
671,2023-02-18,97,Producto 97,3,40.38,121.14000000000001,Electrónica,Tienda A
672,2023-03-18,23,Producto 23,1,88.82,88.82,Ropa,Tienda B
673,2023-10-21,4,Producto 4,8,20.53,164.24,Alimentos,Tienda C
674,2023-04-27,9,Producto 9,2,31.42,62.84,Ropa,Tienda B
675,2023-02-18,63,Producto 63,1,91.14,91.14,Electrónica,Tienda C
676,2023-04-20,93,Producto 93,8,55.77,446.16,Electrónica,Tienda B
677,2023-06-29,42,Producto 42,7,64.74,453.17999999999995,Electrónica,Tienda C
678,2023-02-19,75,Producto 75,8,13.42,107.36,Electrónica,Tienda B
679,2023-03-13,93,Producto 93,1,21.56,21.56,Alimentos,Tienda B
680,2023-12-13,96,Producto 96,5,15.02,75.1,Electrónica,Tienda C
681,2023-10-13,12,Producto 12,9,91.45,823.0500000000001,Ropa,Tienda B
682,2023-01-04,35,Producto 35,6,22.13,132.78,Electrónica,Tienda B
683,2023-03-16,92,Producto 92,3,86.47,259.40999999999997,Alimentos,Tienda B
684,2023-03-26,50,Producto 50,6,41.59,249.54000000000002,Electrónica,Tienda A
685,2023-11-18,72,Producto 72,5,82.05,410.25,Ropa,Tienda A
686,2023-01-21,40,Producto 40,2,42.85,85.7,Alimentos,Tienda B
687,2023-07-28,59,Producto 59,1,34.09,34.09,Alimentos,Tienda B
688,2023-02-12,6,Producto 6,3,18.43,55.29,Ropa,Tienda A
689,2023-01-29,74,Producto 74,6,35.26,211.56,Electrónica,Tienda C
690,2023-12-10,89,Producto 89,5,52.43,262.15,Electrónica,Tienda B
691,2023-06-30,13,Producto 13,3,83.58,250.74,Electrónica,Tienda B
692,2023-11-01,98,Producto 98,8,50.73,405.84,Electrónica,Tienda C
693,2023-04-13,60,Producto 60,4,97.43,389.72,Electrónica,Tienda C
694,2023-09-23,79,Producto 79,6,58.75,352.5,Electrónica,Tienda C
695,2023-09-16,16,Producto 16,7,12.25,85.75,Electrónica,Tienda B
696,2023-12-31,5,Producto 5,5,47.38,236.9,Alimentos,Tienda C
697,2023-08-22,23,Producto 23,9,72.0,648.0,Electrónica,Tienda C
698,2023-12-12,53,Producto 53,1,31.09,31.09,Electrónica,Tienda A
699,2023-04-11,67,Producto 67,1,72.88,72.88,Electrónica,Tienda C
700,2023-04-01,72,Producto 72,3,55.33,165.99,Ropa,Tienda B
701,2023-03-10,73,Producto 73,7,12.32,86.24000000000001,Electrónica,Tienda B
702,2023-04-16,6,Producto 6,2,79.69,159.38,Alimentos,Tienda A
703,2023-01-11,40,Producto 40,6,60.43,362.58,Electrónica,Tienda B
704,2023-01-13,80,Producto 80,6,17.42,104.52000000000001,Alimentos,Tienda B
705,2023-04-15,80,Producto 80,3,52.77,158.31,Ropa,Tienda A
706,2023-08-14,42,Producto 42,4,35.86,143.44,Ropa,Tienda C
707,2023-06-17,90,Producto 90,4,89.17,356.68,Alimentos,Tienda C
708,2023-10-17,23,Producto 23,4,35.64,142.56,Alimentos,Tienda B
709,2023-04-10,90,Producto 90,9,94.75,852.75,Ropa,Tienda A
710,2023-08-06,90,Producto 90,6,59.15,354.9,Alimentos,Tienda C
711,2023-11-03,20,Producto 20,6,39.13,234.78000000000003,Electrónica,Tienda B
712,2023-12-11,63,Producto 63,2,83.22,166.44,Ropa,Tienda C
713,2023-07-30,30,Producto 30,9,72.77,654.93,Ropa,Tienda B
714,2023-10-04,10,Producto 10,8,47.26,378.08,Alimentos,Tienda C
715,2023-08-11,12,Producto 12,8,66.67,533.36,Electrónica,Tienda C
716,2023-06-06,27,Producto 27,2,80.07,160.14,Electrónica,Tienda B
717,2023-03-14,83,Producto 83,1,86.64,86.64,Ropa,Tienda C
718,2023-10-02,73,Producto 73,5,83.48,417.40000000000003,Alimentos,Tienda B
719,2023-02-09,2,Producto 2,7,24.95,174.65,Electrónica,Tienda A
720,2023-08-23,47,Producto 47,1,84.56,84.56,Electrónica,Tienda C
721,2023-05-04,56,Producto 56,4,15.28,61.12,Alimentos,Tienda A
722,2023-10-12,11,Producto 11,4,28.02,112.08,Alimentos,Tienda B
723,2023-06-02,75,Producto 75,5,66.06,330.3,Ropa,Tienda C
724,2023-05-27,25,Producto 25,2,20.32,40.64,Electrónica,Tienda C
725,2023-07-15,96,Producto 96,1,64.3,64.3,Ropa,Tienda C
726,2023-06-22,44,Producto 44,5,37.72,188.6,Ropa,Tienda A
727,2023-07-31,92,Producto 92,7,48.65,340.55,Alimentos,Tienda C
728,2023-10-29,14,Producto 14,9,38.36,345.24,Electrónica,Tienda C
729,2023-11-07,79,Producto 79,3,16.32,48.96,Alimentos,Tienda B
730,2023-01-01,56,Producto 56,2,55.07,110.14,Alimentos,Tienda C
731,2023-05-19,6,Producto 6,3,96.72,290.15999999999997,Ropa,Tienda C
732,2023-07-15,24,Producto 24,2,65.06,130.12,Electrónica,Tienda A
733,2023-08-08,43,Producto 43,1,37.0,37.0,Alimentos,Tienda A
734,2023-12-22,50,Producto 50,2,96.05,192.1,Ropa,Tienda C
735,2023-06-12,76,Producto 76,7,45.03,315.21000000000004,Electrónica,Tienda A
736,2023-02-20,57,Producto 57,5,72.78,363.9,Alimentos,Tienda C
737,2023-08-31,44,Producto 44,5,67.07,335.34999999999997,Electrónica,Tienda C
738,2023-12-25,25,Producto 25,6,95.76,574.5600000000001,Ropa,Tienda C
739,2023-01-21,82,Producto 82,4,92.31,369.24,Ropa,Tienda C
740,2023-06-21,22,Producto 22,7,23.32,163.24,Alimentos,Tienda C
741,2023-04-29,95,Producto 95,1,17.71,17.71,Ropa,Tienda A
742,2023-05-09,19,Producto 19,3,82.87,248.61,Ropa,Tienda B
743,2023-04-16,64,Producto 64,1,91.44,91.44,Ropa,Tienda C
744,2023-07-14,90,Producto 90,8,54.37,434.96,Electrónica,Tienda C
745,2023-08-14,30,Producto 30,8,72.17,577.36,Alimentos,Tienda C
746,2023-05-21,38,Producto 38,2,16.28,32.56,Alimentos,Tienda C
747,2023-09-29,50,Producto 50,5,29.78,148.9,Ropa,Tienda A
748,2023-04-29,41,Producto 41,9,23.44,210.96,Ropa,Tienda C
749,2023-02-03,96,Producto 96,1,64.1,64.1,Electrónica,Tienda B
750,2023-06-01,12,Producto 12,4,27.78,111.12,Alimentos,Tienda B
751,2023-02-08,57,Producto 57,5,15.39,76.95,Electrónica,Tienda C
752,2023-09-15,64,Producto 64,7,37.2,260.40000000000003,Alimentos,Tienda C
753,2023-09-24,15,Producto 15,2,70.95,141.9,Alimentos,Tienda C
754,2023-01-07,33,Producto 33,4,62.01,248.04,Electrónica,Tienda B
755,2023-09-20,66,Producto 66,4,39.77,159.08,Electrónica,Tienda A
756,2023-04-13,66,Producto 66,3,85.01,255.03000000000003,Ropa,Tienda A
757,2023-11-28,37,Producto 37,5,34.86,174.3,Alimentos,Tienda A
758,2023-12-08,26,Producto 26,5,33.45,167.25,Ropa,Tienda B
759,2023-06-28,77,Producto 77,5,60.4,302.0,Alimentos,Tienda B
760,2023-11-04,73,Producto 73,6,53.04,318.24,Ropa,Tienda A
761,2023-09-16,51,Producto 51,9,50.14,451.26,Ropa,Tienda C
762,2023-11-29,13,Producto 13,4,24.02,96.08,Alimentos,Tienda C
763,2023-06-07,25,Producto 25,7,55.42,387.94,Ropa,Tienda A
764,2023-01-10,20,Producto 20,6,33.31,199.86,Electrónica,Tienda A
765,2023-04-26,68,Producto 68,4,45.3,181.2,Electrónica,Tienda B
766,2023-04-27,11,Producto 11,4,76.02,304.08,Ropa,Tienda B
767,2023-07-01,8,Producto 8,8,94.32,754.56,Alimentos,Tienda B
768,2023-08-24,53,Producto 53,1,79.65,79.65,Alimentos,Tienda A
769,2023-07-13,93,Producto 93,8,46.51,372.08,Alimentos,Tienda A
770,2023-10-27,15,Producto 15,5,63.37,316.84999999999997,Ropa,Tienda C
771,2023-03-21,73,Producto 73,1,77.18,77.18,Electrónica,Tienda B
772,2023-03-04,47,Producto 47,6,47.28,283.68,Ropa,Tienda C
773,2023-11-29,36,Producto 36,4,42.42,169.68,Electrónica,Tienda C
774,2023-02-17,82,Producto 82,7,22.17,155.19,Ropa,Tienda C
775,2023-03-18,24,Producto 24,8,76.26,610.08,Ropa,Tienda B
776,2023-05-30,62,Producto 62,1,85.47,85.47,Alimentos,Tienda A
777,2023-05-01,54,Producto 54,4,38.49,153.96,Electrónica,Tienda B
778,2023-10-02,13,Producto 13,3,80.52,241.56,Ropa,Tienda B
779,2023-12-12,46,Producto 46,1,64.92,64.92,Electrónica,Tienda B
780,2023-01-14,8,Producto 8,8,80.57,644.56,Ropa,Tienda C
781,2023-08-11,48,Producto 48,1,47.02,47.02,Electrónica,Tienda C
782,2023-04-03,40,Producto 40,8,77.28,618.24,Ropa,Tienda C
783,2023-08-25,95,Producto 95,3,46.77,140.31,Electrónica,Tienda A
784,2023-04-16,20,Producto 20,1,17.99,17.99,Alimentos,Tienda A
785,2023-08-02,51,Producto 51,3,59.55,178.64999999999998,Electrónica,Tienda A
786,2023-01-07,66,Producto 66,7,50.89,356.23,Ropa,Tienda A
787,2023-04-11,44,Producto 44,1,32.76,32.76,Electrónica,Tienda B
788,2023-02-18,83,Producto 83,9,90.29,812.61,Ropa,Tienda C
789,2023-02-10,79,Producto 79,4,44.46,177.84,Alimentos,Tienda C
790,2023-06-08,90,Producto 90,4,13.52,54.08,Alimentos,Tienda B
791,2023-05-24,57,Producto 57,7,44.39,310.73,Ropa,Tienda B
792,2023-02-07,73,Producto 73,7,48.21,337.47,Electrónica,Tienda C
793,2023-03-01,51,Producto 51,7,87.55,612.85,Ropa,Tienda C
794,2023-04-24,35,Producto 35,5,81.93,409.65000000000003,Electrónica,Tienda A
795,2023-04-06,91,Producto 91,3,28.0,84.0,Electrónica,Tienda A
796,2023-12-19,12,Producto 12,6,85.51,513.0600000000001,Alimentos,Tienda B
797,2023-07-28,12,Producto 12,5,32.31,161.55,Ropa,Tienda C
798,2023-10-16,37,Producto 37,3,40.77,122.31,Electrónica,Tienda C
799,2023-03-04,50,Producto 50,1,16.91,16.91,Electrónica,Tienda A
800,2023-04-04,77,Producto 77,2,14.98,29.96,Electrónica,Tienda A
801,2023-11-17,82,Producto 82,6,71.28,427.68,Ropa,Tienda C
802,2023-12-13,96,Producto 96,6,93.1,558.5999999999999,Ropa,Tienda B
803,2023-05-31,75,Producto 75,9,54.37,489.33,Electrónica,Tienda A
804,2023-10-20,49,Producto 49,5,85.97,429.85,Electrónica,Tienda C
805,2023-03-25,75,Producto 75,1,81.44,81.44,Electrónica,Tienda B
806,2023-05-08,12,Producto 12,7,69.82,488.73999999999995,Alimentos,Tienda C
807,2023-09-19,94,Producto 94,2,98.04,196.08,Alimentos,Tienda C
808,2023-12-15,35,Producto 35,2,82.2,164.4,Electrónica,Tienda C
809,2023-06-04,75,Producto 75,4,34.74,138.96,Electrónica,Tienda B
810,2023-08-30,77,Producto 77,1,81.01,81.01,Alimentos,Tienda B
811,2023-03-25,40,Producto 40,4,72.34,289.36,Electrónica,Tienda C
812,2023-05-16,11,Producto 11,2,45.96,91.92,Ropa,Tienda C
813,2023-06-30,3,Producto 3,4,16.91,67.64,Ropa,Tienda B
814,2023-03-22,76,Producto 76,2,29.29,58.58,Alimentos,Tienda C
815,2023-01-01,47,Producto 47,5,81.75,408.75,Electrónica,Tienda C
816,2023-08-04,52,Producto 52,8,32.36,258.88,Ropa,Tienda B
817,2023-07-27,42,Producto 42,7,99.81,698.6700000000001,Electrónica,Tienda A
818,2023-11-27,92,Producto 92,5,72.46,362.29999999999995,Alimentos,Tienda B
819,2023-09-10,4,Producto 4,6,52.95,317.70000000000005,Electrónica,Tienda A
820,2023-05-12,17,Producto 17,7,61.34,429.38,Electrónica,Tienda A
821,2023-03-03,64,Producto 64,1,64.98,64.98,Electrónica,Tienda B
822,2023-11-20,65,Producto 65,5,97.21,486.04999999999995,Ropa,Tienda A
823,2023-05-25,14,Producto 14,4,24.56,98.24,Ropa,Tienda C
824,2023-03-26,39,Producto 39,8,34.52,276.16,Alimentos,Tienda B
825,2023-04-27,5,Producto 5,1,73.86,73.86,Electrónica,Tienda A
826,2023-08-18,4,Producto 4,1,31.59,31.59,Electrónica,Tienda A
827,2023-09-13,20,Producto 20,9,88.42,795.78,Alimentos,Tienda B
828,2023-11-09,82,Producto 82,4,41.19,164.76,Ropa,Tienda B
829,2023-11-15,17,Producto 17,7,26.28,183.96,Ropa,Tienda C
830,2023-02-18,72,Producto 72,6,14.29,85.74,Ropa,Tienda A
831,2023-05-26,25,Producto 25,8,63.6,508.8,Electrónica,Tienda B
832,2023-01-10,12,Producto 12,4,84.28,337.12,Ropa,Tienda A
833,2023-07-10,23,Producto 23,3,34.64,103.92,Alimentos,Tienda A
834,2023-03-21,61,Producto 61,9,92.58,833.22,Ropa,Tienda A
835,2023-08-19,92,Producto 92,2,78.2,156.4,Electrónica,Tienda B
836,2023-07-26,3,Producto 3,4,15.52,62.08,Electrónica,Tienda C
837,2023-08-17,9,Producto 9,9,61.54,553.86,Electrónica,Tienda A
838,2023-11-24,73,Producto 73,4,61.07,244.28,Electrónica,Tienda B
839,2023-11-15,90,Producto 90,6,28.21,169.26,Ropa,Tienda A
840,2023-10-07,39,Producto 39,2,40.11,80.22,Ropa,Tienda C
841,2023-12-14,53,Producto 53,3,51.25,153.75,Alimentos,Tienda A
842,2023-01-08,98,Producto 98,7,14.33,100.31,Electrónica,Tienda C
843,2023-10-06,89,Producto 89,4,23.48,93.92,Ropa,Tienda B
844,2023-12-21,64,Producto 64,3,24.76,74.28,Ropa,Tienda B
845,2023-06-08,22,Producto 22,6,44.13,264.78000000000003,Electrónica,Tienda B
846,2023-09-04,5,Producto 5,4,77.26,309.04,Ropa,Tienda A
847,2023-03-22,32,Producto 32,6,84.82,508.91999999999996,Ropa,Tienda C
848,2023-06-05,76,Producto 76,2,24.66,49.32,Electrónica,Tienda A
849,2023-02-17,38,Producto 38,2,77.67,155.34,Alimentos,Tienda C
850,2023-04-25,8,Producto 8,6,70.36,422.15999999999997,Alimentos,Tienda B
851,2023-01-12,23,Producto 23,9,90.16,811.4399999999999,Alimentos,Tienda A
852,2023-12-01,43,Producto 43,4,97.19,388.76,Alimentos,Tienda B
853,2023-10-14,60,Producto 60,3,21.2,63.599999999999994,Alimentos,Tienda B
854,2023-04-01,96,Producto 96,3,17.26,51.78,Ropa,Tienda C
855,2023-10-18,55,Producto 55,5,81.98,409.90000000000003,Ropa,Tienda C
856,2023-02-24,74,Producto 74,8,24.6,196.8,Ropa,Tienda C
857,2023-12-04,52,Producto 52,9,27.51,247.59,Alimentos,Tienda A
858,2023-06-13,83,Producto 83,9,89.38,804.42,Ropa,Tienda B
859,2023-03-13,24,Producto 24,6,94.51,567.0600000000001,Alimentos,Tienda A
860,2023-11-12,84,Producto 84,6,38.66,231.95999999999998,Ropa,Tienda C
861,2023-04-23,26,Producto 26,4,85.8,343.2,Ropa,Tienda C
862,2023-03-10,58,Producto 58,8,87.3,698.4,Electrónica,Tienda C
863,2023-01-14,70,Producto 70,7,64.49,451.42999999999995,Ropa,Tienda B
864,2023-04-12,90,Producto 90,1,60.95,60.95,Alimentos,Tienda B
865,2023-10-03,46,Producto 46,9,61.83,556.47,Electrónica,Tienda C
866,2023-12-30,89,Producto 89,6,37.12,222.71999999999997,Electrónica,Tienda B
867,2023-09-22,52,Producto 52,6,65.7,394.20000000000005,Ropa,Tienda B
868,2023-12-19,60,Producto 60,4,31.92,127.68,Alimentos,Tienda A
869,2023-07-29,45,Producto 45,9,25.99,233.91,Electrónica,Tienda A
870,2023-07-17,27,Producto 27,8,47.17,377.36,Ropa,Tienda C
871,2023-04-11,44,Producto 44,5,73.52,367.59999999999997,Ropa,Tienda C
872,2023-09-11,33,Producto 33,8,65.93,527.44,Electrónica,Tienda B
873,2023-06-07,31,Producto 31,2,96.84,193.68,Alimentos,Tienda A
874,2023-08-19,15,Producto 15,4,68.18,272.72,Ropa,Tienda A
875,2023-05-31,72,Producto 72,6,22.72,136.32,Ropa,Tienda C
876,2023-01-31,97,Producto 97,9,24.51,220.59,Ropa,Tienda A
877,2023-09-13,62,Producto 62,6,18.38,110.28,Alimentos,Tienda B
878,2023-01-20,2,Producto 2,9,27.21,244.89000000000001,Alimentos,Tienda A
879,2023-09-18,48,Producto 48,8,63.82,510.56,Ropa,Tienda A
880,2023-05-29,44,Producto 44,4,85.45,341.8,Ropa,Tienda C
881,2023-12-29,91,Producto 91,6,90.45,542.7,Alimentos,Tienda A
882,2023-03-16,16,Producto 16,7,46.0,322.0,Ropa,Tienda C
883,2023-05-04,69,Producto 69,6,60.27,361.62,Ropa,Tienda C
884,2023-08-03,75,Producto 75,4,82.83,331.32,Alimentos,Tienda A
885,2023-11-13,86,Producto 86,3,38.09,114.27000000000001,Electrónica,Tienda C
886,2023-08-18,40,Producto 40,4,63.61,254.44,Electrónica,Tienda B
887,2023-09-08,95,Producto 95,2,25.67,51.34,Ropa,Tienda C
888,2023-04-04,87,Producto 87,7,52.89,370.23,Alimentos,Tienda C
889,2023-06-19,1,Producto 1,4,25.58,102.32,Ropa,Tienda A
890,2023-02-10,82,Producto 82,8,51.62,412.96,Ropa,Tienda A
891,2023-07-08,59,Producto 59,8,45.71,365.68,Ropa,Tienda C
892,2023-07-29,13,Producto 13,6,48.99,293.94,Electrónica,Tienda C
893,2023-06-29,92,Producto 92,3,31.93,95.78999999999999,Electrónica,Tienda C
894,2023-10-24,44,Producto 44,2,22.24,44.48,Ropa,Tienda B
895,2023-03-01,55,Producto 55,8,34.81,278.48,Alimentos,Tienda A
896,2023-01-30,48,Producto 48,6,31.56,189.35999999999999,Electrónica,Tienda B
897,2023-08-14,23,Producto 23,1,76.09,76.09,Alimentos,Tienda A
898,2023-04-05,32,Producto 32,4,74.53,298.12,Alimentos,Tienda A
899,2023-08-27,35,Producto 35,8,62.6,500.8,Alimentos,Tienda B
900,2023-06-15,99,Producto 99,2,18.22,36.44,Ropa,Tienda B
901,2023-08-05,43,Producto 43,1,60.96,60.96,Electrónica,Tienda A
902,2023-09-30,69,Producto 69,9,17.13,154.17,Alimentos,Tienda A
903,2023-12-22,63,Producto 63,2,11.64,23.28,Ropa,Tienda B
904,2023-06-17,37,Producto 37,8,41.73,333.84,Ropa,Tienda B
905,2023-06-07,84,Producto 84,8,31.65,253.2,Ropa,Tienda A
906,2023-03-07,45,Producto 45,7,63.52,444.64000000000004,Alimentos,Tienda B
907,2023-10-07,82,Producto 82,1,93.58,93.58,Alimentos,Tienda C
908,2023-07-20,71,Producto 71,6,74.79,448.74,Ropa,Tienda A
909,2023-03-29,7,Producto 7,6,79.06,474.36,Electrónica,Tienda B
910,2023-10-21,49,Producto 49,7,95.58,669.06,Ropa,Tienda C
911,2023-08-06,10,Producto 10,6,67.07,402.41999999999996,Alimentos,Tienda A
912,2023-12-12,29,Producto 29,4,62.0,248.0,Electrónica,Tienda A
913,2023-05-15,78,Producto 78,4,64.17,256.68,Electrónica,Tienda B
914,2023-08-05,57,Producto 57,9,87.92,791.28,Electrónica,Tienda C
915,2023-04-12,10,Producto 10,4,44.93,179.72,Ropa,Tienda B
916,2023-10-25,86,Producto 86,4,81.58,326.32,Electrónica,Tienda B
917,2023-02-13,67,Producto 67,4,68.7,274.8,Electrónica,Tienda C
918,2023-04-21,10,Producto 10,7,37.41,261.87,Alimentos,Tienda B
919,2023-08-28,37,Producto 37,5,11.23,56.150000000000006,Ropa,Tienda A
920,2023-10-06,29,Producto 29,3,28.89,86.67,Electrónica,Tienda C
921,2023-01-12,65,Producto 65,6,73.0,438.0,Electrónica,Tienda B
922,2023-04-30,75,Producto 75,2,62.17,124.34,Alimentos,Tienda B
923,2023-10-10,14,Producto 14,9,34.71,312.39,Alimentos,Tienda B
924,2023-02-18,3,Producto 3,9,49.09,441.81000000000006,Electrónica,Tienda A
925,2023-07-19,38,Producto 38,6,69.5,417.0,Electrónica,Tienda A
926,2023-08-28,72,Producto 72,9,21.44,192.96,Electrónica,Tienda C
927,2023-07-02,88,Producto 88,4,48.91,195.64,Electrónica,Tienda C
928,2023-04-07,95,Producto 95,1,47.5,47.5,Ropa,Tienda A
929,2023-12-23,82,Producto 82,7,58.83,411.81,Electrónica,Tienda C
930,2023-12-05,4,Producto 4,4,56.97,227.88,Ropa,Tienda A
931,2023-03-29,99,Producto 99,2,43.1,86.2,Ropa,Tienda A
932,2023-01-03,81,Producto 81,8,78.65,629.2,Electrónica,Tienda B
933,2023-09-22,83,Producto 83,9,16.05,144.45000000000002,Electrónica,Tienda C
934,2023-09-24,51,Producto 51,4,13.2,52.8,Alimentos,Tienda B
935,2023-09-19,62,Producto 62,8,47.82,382.56,Ropa,Tienda A
936,2023-10-22,83,Producto 83,7,90.7,634.9,Ropa,Tienda C
937,2023-04-11,29,Producto 29,8,34.98,279.84,Electrónica,Tienda B
938,2023-04-28,36,Producto 36,7,25.51,178.57000000000002,Electrónica,Tienda A
939,2023-03-01,54,Producto 54,7,93.54,654.7800000000001,Electrónica,Tienda A
940,2023-06-14,27,Producto 27,8,25.14,201.12,Electrónica,Tienda B
941,2023-09-19,43,Producto 43,9,43.74,393.66,Alimentos,Tienda B
942,2023-02-08,47,Producto 47,6,75.61,453.65999999999997,Electrónica,Tienda B
943,2023-06-13,70,Producto 70,7,33.48,234.35999999999999,Alimentos,Tienda C
944,2023-03-30,29,Producto 29,4,30.69,122.76,Electrónica,Tienda C
945,2023-07-27,44,Producto 44,8,45.79,366.32,Electrónica,Tienda B
946,2023-12-07,84,Producto 84,3,80.86,242.57999999999998,Ropa,Tienda B
947,2023-09-23,63,Producto 63,8,91.99,735.92,Electrónica,Tienda A
948,2023-05-13,75,Producto 75,9,12.82,115.38,Ropa,Tienda C
949,2023-01-25,75,Producto 75,3,24.86,74.58,Ropa,Tienda B
950,2023-04-05,10,Producto 10,4,96.27,385.08,Electrónica,Tienda C
951,2023-12-06,92,Producto 92,2,63.35,126.7,Alimentos,Tienda C
952,2023-03-19,76,Producto 76,9,59.63,536.6700000000001,Ropa,Tienda C
953,2023-09-25,97,Producto 97,2,83.22,166.44,Electrónica,Tienda A
954,2023-03-23,39,Producto 39,1,13.58,13.58,Alimentos,Tienda B
955,2023-06-04,32,Producto 32,1,11.25,11.25,Ropa,Tienda B
956,2023-06-25,23,Producto 23,6,97.07,582.42,Ropa,Tienda B
957,2023-04-09,92,Producto 92,2,84.57,169.14,Ropa,Tienda A
958,2023-01-22,58,Producto 58,6,77.26,463.56000000000006,Ropa,Tienda A
959,2023-06-20,22,Producto 22,1,24.01,24.01,Alimentos,Tienda A
960,2023-05-26,98,Producto 98,4,52.89,211.56,Alimentos,Tienda B
961,2023-04-12,62,Producto 62,9,94.36,849.24,Electrónica,Tienda C
962,2023-09-02,42,Producto 42,1,94.02,94.02,Ropa,Tienda A
963,2023-07-03,42,Producto 42,9,10.83,97.47,Ropa,Tienda C
964,2023-04-11,24,Producto 24,5,77.72,388.6,Ropa,Tienda A
965,2023-07-16,53,Producto 53,7,10.56,73.92,Ropa,Tienda A
966,2023-04-22,24,Producto 24,1,98.59,98.59,Ropa,Tienda A
967,2023-08-15,73,Producto 73,2,47.53,95.06,Ropa,Tienda B
968,2023-09-25,42,Producto 42,8,97.62,780.96,Alimentos,Tienda A
969,2023-04-08,61,Producto 61,3,43.1,129.3,Ropa,Tienda B
970,2023-08-27,48,Producto 48,7,36.39,254.73000000000002,Alimentos,Tienda A
971,2023-01-12,16,Producto 16,4,38.47,153.88,Electrónica,Tienda A
972,2023-01-26,37,Producto 37,5,75.76,378.8,Alimentos,Tienda C
973,2023-04-08,66,Producto 66,5,27.97,139.85,Electrónica,Tienda A
974,2023-12-18,95,Producto 95,6,87.77,526.62,Electrónica,Tienda A
975,2023-10-29,43,Producto 43,1,63.15,63.15,Alimentos,Tienda C
976,2023-09-20,1,Producto 1,1,97.29,97.29,Alimentos,Tienda A
977,2023-03-31,84,Producto 84,9,98.84,889.5600000000001,Ropa,Tienda B
978,2023-12-11,7,Producto 7,7,26.67,186.69,Ropa,Tienda A
979,2023-02-08,94,Producto 94,7,96.02,672.14,Electrónica,Tienda B
980,2023-02-21,68,Producto 68,5,14.19,70.95,Electrónica,Tienda A
981,2023-01-17,32,Producto 32,9,12.51,112.59,Alimentos,Tienda B
982,2023-08-07,30,Producto 30,1,94.95,94.95,Electrónica,Tienda A
983,2023-09-17,17,Producto 17,8,96.62,772.96,Ropa,Tienda C
984,2023-12-13,68,Producto 68,6,23.25,139.5,Alimentos,Tienda A
985,2023-05-03,27,Producto 27,7,49.82,348.74,Ropa,Tienda B
986,2023-09-16,7,Producto 7,4,54.47,217.88,Alimentos,Tienda A
987,2023-05-14,12,Producto 12,1,87.43,87.43,Electrónica,Tienda A
988,2023-09-29,82,Producto 82,5,66.51,332.55,Electrónica,Tienda A
989,2023-12-01,56,Producto 56,3,79.71,239.13,Ropa,Tienda B
990,2023-06-30,44,Producto 44,2,53.66,107.32,Electrónica,Tienda B
991,2023-12-26,68,Producto 68,8,68.36,546.88,Alimentos,Tienda A
992,2023-09-21,21,Producto 21,2,76.19,152.38,Ropa,Tienda A
993,2023-06-29,92,Producto 92,1,76.41,76.41,Ropa,Tienda A
994,2023-12-25,93,Producto 93,3,10.16,30.48,Electrónica,Tienda C
995,2023-09-07,15,Producto 15,8,18.99,151.92,Electrónica,Tienda C
996,2023-07-03,15,Producto 15,9,42.73,384.57,Alimentos,Tienda A
997,2023-04-24,81,Producto 81,9,15.51,139.59,Electrónica,Tienda A
998,2023-07-25,64,Producto 64,1,44.47,44.47,Ropa,Tienda A
999,2023-11-08,44,Producto 44,7,45.06,315.42,Alimentos,Tienda A
1000,2023-03-30,28,Producto 28,6,92.82,556.92,Ropa,Tienda C
